{
    "brute_times": {
        "5": 0.00022445994739731152,
        "10": 0.0003698599524796009,
        "15": 0.0008146733045578003,
        "20": 0.000514780047039191
    },
    "ortools_times": {
        "5": 0.06802758676931261,
        "10": 0.13488892000168562,
        "15": 0.38092924002557993,
        "20": 0.4550167866361638
    },
    "planar_cut_times": {
        "5": 0.00027812657256921135,
        "10": 0.00041469326242804527,
        "15": 0.0006881533190608025,
        "20": 0.0008978599682450295
    },
    "brute_no_numpy_times": {
        "5": 2.4873390793800353e-05,
        "10": 6.639336546262105e-05,
        "15": 0.00024185329675674438,
        "20": 0.0001518265965084235
    }
}