{
    "brute_times": {
        "5": {
            "mean": 0.00044469999071831506,
            "stdev": 0.00043343036978276436,
            "raw_times": [
                0.000926699984120205,
                8.699999307282269e-05,
                0.0003203999949619174
            ]
        },
        "10": {
            "mean": 0.00024153333894597986,
            "stdev": 0.00019382726782113705,
            "raw_times": [
                0.00038660000427626073,
                2.1400017431005836e-05,
                0.00031659999513067305
            ]
        },
        "15": {
            "mean": 0.0004712999992383023,
            "stdev": 9.595690875285595e-05,
            "raw_times": [
                0.00036050000926479697,
                0.0005271999980323017,
                0.0005261999904178083
            ]
        }
    },
    "ortools_times": {},
    "planar_cut_times": {},
    "brute_no_numpy_times": {}
}