{
    "brute_times": {
        "5": {
            "mean": 0.00021813333538981775,
            "stdev": 0.00011604104002559762,
            "raw_times": [
                0.0002753000007942319,
                8.460000390186906e-05,
                0.0002945000014733523
            ]
        },
        "10": {
            "mean": 0.00023873333702795208,
            "stdev": 0.00018684663153518947,
            "raw_times": [
                0.0003566000086721033,
                2.3300002794712782e-05,
                0.00033629999961704016
            ]
        },
        "15": {
            "mean": 0.00042059999153328437,
            "stdev": 7.864713115736198e-05,
            "raw_times": [
                0.00033019998227246106,
                0.0004582999972626567,
                0.0004732999950647354
            ]
        }
    },
    "ortools_times": {},
    "planar_cut_times": {},
    "brute_no_numpy_times": {}
}