{
    "brute_times": {
        "5": 0.0005529666629930337,
        "10": 0.00025867999841769536,
        "15": 0.0027926200069487094,
        "20": 0.0019316466835637887
    },
    "ortools_times": {
        "5": 0.09875916667903463,
        "10": 0.2762862199917436,
        "15": 0.5222909066826105,
        "20": 0.5317119066603482
    },
    "planar_cut_times": {
        "5": 0.0006411533492306868,
        "10": 0.0008782600052654743,
        "15": 0.0006329733567933242,
        "20": 0.0017974599885443845
    },
    "brute_no_numpy_times": {
        "5": 7.430665815869968e-05,
        "10": 4.077333336075147e-05,
        "15": 0.0006647333192328612,
        "20": 0.0005650266694525878
    }
}