{
    "brute_times": {
        "5": 0.0004442599912484487,
        "10": 0.0009514066701134046,
        "15": 0.0025736333491901556,
        "20": 0.0013948666863143444
    },
    "ortools_times": {
        "5": 0.1333117800143858,
        "10": 0.3179853000678122,
        "15": 0.6878960533998907,
        "20": 0.7667352665526171
    },
    "planar_cut_times": {
        "5": 0.0005488334223628044,
        "10": 0.0007782000117003918,
        "15": 0.0012372000142931937,
        "20": 0.00204799339796106
    },
    "brute_no_numpy_times": {
        "5": 6.0306644688049955e-05,
        "10": 0.00016654000307122867,
        "15": 0.0006092933317025502,
        "20": 0.00037915331001083056
    }
}