{
    "brute_times": {
        "19": {
            "mean": 0.0018271533151467641,
            "stdev": 0.0014029134604833546,
            "raw_times": [
                0.001792999915778637,
                0.0022060000337660313,
                0.0005979002453386784,
                0.002540299668908119,
                0.002406899817287922,
                0.0009475001133978367,
                0.002725000027567148,
                0.0001292000524699688,
                0.0008151000365614891,
                0.002997699659317732,
                0.0054301000200212,
                0.0010512000881135464,
                0.0006674001924693584,
                0.0027979002334177494,
                0.0003020996227860451
            ]
        },
        "20": {
            "mean": 0.000409953265140454,
            "stdev": 0.0005113611010710473,
            "raw_times": [
                0.00020720018073916435,
                0.00142659991979599,
                0.000745799858123064,
                0.00016689999029040337,
                0.0017003999091684818,
                0.0006324001587927341,
                0.0001789000816643238,
                0.00015900004655122757,
                9.119976311922073e-05,
                0.00016369996592402458,
                0.0002946997992694378,
                0.00018360000103712082,
                3.4699682146310806e-05,
                6.389990448951721e-05,
                0.00010029971599578857
            ]
        },
        "21": {
            "mean": 0.0014908600288132826,
            "stdev": 0.0015659305973461258,
            "raw_times": [
                0.00033179996535182,
                0.0017888001166284084,
                0.0008855997584760189,
                0.005158500280231237,
                0.0002039000391960144,
                0.00019779987633228302,
                0.0019366000778973103,
                0.00013229995965957642,
                0.0008364999666810036,
                0.0007947999984025955,
                0.002607000060379505,
                0.00011229980736970901,
                0.0045831999741494656,
                0.001581400167196989,
                0.001212400384247303
            ]
        },
        "22": {
            "mean": 0.0008875000290572643,
            "stdev": 0.0005926252721303074,
            "raw_times": [
                0.002283000387251377,
                0.00014150002971291542,
                0.0009449999779462814,
                0.0017945999279618263,
                0.0012071998789906502,
                0.001001299824565649,
                0.0005974997766315937,
                0.0003638998605310917,
                0.000731700100004673,
                0.0013052001595497131,
                0.00014770030975341797,
                0.0009240997023880482,
                0.0005952003411948681,
                0.0003586001694202423,
                0.0009159999899566174
            ]
        }
    },
    "ortools_times": {},
    "planar_cut_times": {
        "19": {
            "mean": 0.0010626466323932012,
            "stdev": 0.00032559256072562883,
            "raw_times": [
                0.0016641998663544655,
                0.0007436997257173061,
                0.0012678997591137886,
                0.0012835999950766563,
                0.0013518002815544605,
                0.0007671001367270947,
                0.001574699766933918,
                0.0008188998326659203,
                0.0007553999312222004,
                0.0010365997441112995,
                0.001209199894219637,
                0.0008245003409683704,
                0.0012118001468479633,
                0.0007175002247095108,
                0.0007127998396754265
            ]
        },
        "20": {
            "mean": 0.0011624266083041827,
            "stdev": 0.0003191284214385063,
            "raw_times": [
                0.001764100044965744,
                0.0012735999189317226,
                0.0011988002806901932,
                0.0008051996119320393,
                0.000781200360506773,
                0.0010433001443743706,
                0.0014273999258875847,
                0.001404500100761652,
                0.0007964996621012688,
                0.0014235996641218662,
                0.0007434999570250511,
                0.0009868997149169445,
                0.0012650997377932072,
                0.0015740999951958656,
                0.0009486000053584576
            ]
        },
        "21": {
            "mean": 0.0012848733924329281,
            "stdev": 0.00029287169634301986,
            "raw_times": [
                0.00185410026460886,
                0.0014653000980615616,
                0.0012411000207066536,
                0.0010599000379443169,
                0.0012036999687552452,
                0.0018398999236524105,
                0.00129360007122159,
                0.0010231002233922482,
                0.0011255000717937946,
                0.0009427000768482685,
                0.001270500011742115,
                0.0008625001646578312,
                0.00155920023098588,
                0.0013415999710559845,
                0.0011903997510671616
            ]
        },
        "22": {
            "mean": 0.0013012333152194818,
            "stdev": 0.00031691738597236003,
            "raw_times": [
                0.0017683999612927437,
                0.0009305998682975769,
                0.001242700032889843,
                0.0013159001246094704,
                0.001220600213855505,
                0.0020341998897492886,
                0.001428899820894003,
                0.0011104000732302666,
                0.000997600145637989,
                0.0015652002766728401,
                0.0012233997695147991,
                0.0014143995940685272,
                0.0013611000031232834,
                0.0008454998023808002,
                0.0010596001520752907
            ]
        }
    },
    "brute_no_numpy_times": {
        "19": {
            "mean": 0.000627986683199803,
            "stdev": 0.00047991239184873926,
            "raw_times": [
                0.000601000152528286,
                0.0006958004087209702,
                0.00023300014436244965,
                0.0008558998815715313,
                0.0008434001356363297,
                0.0003454000689089298,
                0.0009079002775251865,
                4.2199622839689255e-05,
                0.0002953996881842613,
                0.001115699764341116,
                0.0018545999191701412,
                0.0003371001221239567,
                0.0002284003421664238,
                0.0009488998912274837,
                0.00011509982869029045
            ]
        },
        "20": {
            "mean": 0.00014887995397051175,
            "stdev": 0.00019612116478462193,
            "raw_times": [
                6.0900114476680756e-05,
                0.0005020997487008572,
                0.00026010023429989815,
                5.899975076317787e-05,
                0.0006761997938156128,
                0.000241799745708704,
                6.360001862049103e-05,
                5.3800176829099655e-05,
                2.950010821223259e-05,
                5.260016769170761e-05,
                0.0001105000264942646,
                6.319954991340637e-05,
                8.7004154920578e-06,
                1.7199665307998657e-05,
                3.3999793231487274e-05
            ]
        },
        "21": {
            "mean": 0.0005628399240473907,
            "stdev": 0.0006310282362705428,