{
    "brute_times": {
        "10": {
            "mean": 0.0004994997289031744,
            "stdev": 0.0006629834272387768,
            "raw_times": [
                0.0009682998061180115,
                3.0699651688337326e-05
            ]
        },
        "15": {
            "mean": 0.00036184978671371937,
            "stdev": 0.00011405628678781307,
            "raw_times": [
                0.0002811998128890991,
                0.0004424997605383396
            ]
        }
    },
    "ortools_times": {},
    "planar_cut_times": {
        "10": {
            "mean": 0.004133100155740976,
            "stdev": 0.005000093348723437,
            "raw_times": [
                0.007668700069189072,
                0.000597500242292881
            ]
        },
        "15": {
            "mean": 0.0010029999539256096,
            "stdev": 0.0003091471338274077,
            "raw_times": [
                0.0012215999886393547,
                0.0007843999192118645
            ]
        }
    },
    "brute_no_numpy_times": {
        "10": {
            "mean": 3.254995681345463e-05,
            "stdev": 3.698155466253157e-05,
            "raw_times": [
                5.869986489415169e-05,
                6.400048732757568e-06
            ]
        },
        "15": {
            "mean": 9.889970533549786e-05,
            "stdev": 4.582053904867563e-05,
            "raw_times": [
                6.649969145655632e-05,
                0.0001312997192144394
            ]
        }
    }
}