{
    "brute_times": {},
    "ortools_times": {},
    "planar_cut_times": {
        "5": {
            "mean": 0.0003115132761498292,
            "stdev": 0.00011598711979841664,
            "raw_times": [
                0.0006544999778270721,
                0.00027399975806474686,
                0.0003161998465657234,
                0.0002433997578918934,
                0.0002616001293063164,
                0.00028399983420968056,
                0.00026190001517534256,
                0.00025249971076846123,
                0.00025220029056072235,
                0.000314599834382534,
                0.00023639993742108345,
                0.00022769998759031296,
                0.00023999996483325958,
                0.00048820022493600845,
                0.0003654998727142811
            ]
        },
        "6": {
            "mean": 0.000393780010441939,
            "stdev": 0.0001241286939064499,
            "raw_times": [
                0.0006097001023590565,
                0.0004292000085115433,
                0.0005828002467751503,
                0.000443900004029274,
                0.0004149000160396099,
                0.00039769988507032394,
                0.000389699824154377,
                0.00036639999598264694,
                0.00036060018464922905,
                0.00037299981340765953,
                0.0005753003060817719,
                0.00025659985840320587,
                0.0002351999282836914,
                0.00023170001804828644,
                0.00023999996483325958
            ]
        },
        "7": {
            "mean": 0.00030890004709362986,
            "stdev": 5.096031147298827e-05,
            "raw_times": [
                0.00044980039820075035,
                0.00032240012660622597,
                0.00035450002178549767,
                0.0002771001309156418,
                0.0003472999669611454,
                0.00027379998937249184,
                0.00029029976576566696,
                0.0003554001450538635,
                0.0002870000898838043,
                0.00026510003954172134,
                0.00029980018734931946,
                0.0002618003636598587,
                0.0002639000304043293,
                0.00031219981610774994,
                0.000273099634796381
            ]
        },
        "8": {
            "mean": 0.00033025334899624187,
            "stdev": 7.307512712487434e-05,
            "raw_times": [
                0.0005612997338175774,
                0.00032950006425380707,
                0.00040209991857409477,
                0.0003646998666226864,
                0.000287800095975399,
                0.0002973000518977642,
                0.0002976004034280777,
                0.0003341003321111202,
                0.00033090030774474144,
                0.000309899915009737,
                0.00028029968962073326,
                0.0002788999117910862,
                0.0002794000320136547,
                0.00027660001069307327,
                0.0003233999013900757
            ]
        },
        "9": {
            "mean": 0.0004769599996507168,
            "stdev": 0.0001380103613956824,
            "raw_times": [
                0.0005204998888075352,
                0.0005879001691937447,
                0.0004313001409173012,
                0.0005314000882208347,
                0.00039739999920129776,
                0.00031999964267015457,
                0.0003231000155210495,
                0.00040579959750175476,
                0.0003828001208603382,
                0.0006800000555813313,
                0.0003864997997879982,
                0.0003862003795802593,
                0.0007962002418935299,
                0.0005973996594548225,
                0.00040790019556879997
            ]
        },
        "10": {
            "mean": 0.0005395800185700257,
            "stdev": 0.0001354035496426311,
            "raw_times": [
                0.0008098999969661236,
                0.000453100074082613,
                0.00041980016976594925,
                0.0005862000398337841,
                0.0007684002630412579,
                0.0004765000194311142,
                0.0005021998658776283,
                0.0006442000158131123,
                0.0005546999163925648,
                0.0004730997607111931,
                0.000498100183904171,
                0.0005536000244319439,
                0.0003533000126481056,
                0.00034769997000694275,
                0.0006528999656438828
            ]
        },
        "11": {
            "mean": 0.0005324934298793475,
            "stdev": 0.00013368808061309123,
            "raw_times": [
                0.0006645000539720058,
                0.0005047000013291836,
                0.00037560006603598595,
                0.00045320019125938416,
                0.0008609001524746418,
                0.0005447999574244022,
                0.0006745001301169395,
                0.0005830000154674053,
                0.00042590033262968063,
                0.0003762999549508095,
                0.000596500001847744,
                0.0005004997365176678,
                0.0004208004102110863,
                0.00041560037061572075,
                0.0005906000733375549
            ]
        },
        "12": {
            "mean": 0.0005252734137078126,
            "stdev": 9.771383992289193e-05,
            "raw_times": [
                0.0006979000754654408,
                0.00041880039498209953,
                0.0006683999672532082,
                0.0004296000115573406,
                0.0004488001577556133,
                0.0005625998601317406,
                0.0004648999311029911,
                0.0006030001677572727,
                0.0006062998436391354,
                0.0004235999658703804,
                0.00041159987449645996,
                0.0005944003351032734,
                0.000485400203615427,
                0.000462300144135952,
                0.0006015002727508545
            ]
        },
        "13": {
            "mean": 0.0006174933165311814,
            "stdev": 0.0001643479426416338,
            "raw_times": [
                0.0009026997722685337,
                0.0004675998352468014,
                0.0004405002109706402,
                0.0005532000213861465,
                0.0004467996768653393,
                0.0007217000238597393,
                0.0005556996911764145,
                0.0005185999907553196,
                0.0006405999884009361,
                0.0008252998813986778,
                0.0004539000801742077,
                0.000705299898982048,
                0.0004521002992987633,
                0.0006873002275824547,
                0.0008911001496016979
            ]
        },
        "14": {
            "mean": 0.0007890266366302967,
            "stdev": 0.00019756316032121655,
            "raw_times": [
                0.001016399823129177,
                0.000875100027769804,
                0.0009695999324321747,
                0.0009737000800669193,
                0.001236600335687399,
                0.0008080997504293919,
                0.0006657997146248817,
                0.000797600019723177,
                0.0007135998457670212,
                0.0006992998532950878,
                0.00050730025395751,
                0.000523699913173914,
                0.0006623999215662479,
                0.0006351000629365444,
                0.0007511000148952007
            ]
        },
        "15": {
            "mean": 0.0008880401030182839,
            "stdev": 0.00026322766225375356,