{
    "brute_times": {
        "5": 0.00015690671280026435,
        "10": 0.00032615341867009797,
        "15": 0.000784573300431172,
        "20": 0.00045019326110680896
    },
    "ortools_times": {},
    "planar_cut_times": {
        "5": 0.00020496674502889315,
        "10": 0.0003348932911952337,
        "15": 0.0006087133350471656,
        "20": 0.0008117133130629857
    },
    "brute_no_numpy_times": {
        "5": 2.2113354255755742e-05,
        "10": 7.01600064833959e-05,
        "15": 0.00022029330333073934,
        "20": 0.00014659333974123
    }
}