{
    "brute_times": {
        "5": {
            "mean": 0.0001585066628952821,
            "stdev": 8.395433607035368e-05,
            "raw_times": [
                0.00025820033624768257,
                9.580003097653389e-05,
                0.00022060004994273186,
                6.310036405920982e-05,
                8.369982242584229e-05,
                5.850009620189667e-05,
                0.00015709968283772469,
                0.00024239998310804367,
                0.00017290003597736359,
                0.00017490005120635033,
                0.00019770022481679916,
                9.67998057603836e-05,
                0.00025109993293881416,
                2.059992402791977e-05,
                0.0002841996029019356
            ]
        },
        "10": {
            "mean": 0.0003378866861263911,
            "stdev": 0.00032819223614679764,
            "raw_times": [
                0.0009286999702453613,
                4.830025136470795e-05,
                0.0006769001483917236,
                0.0004773000255227089,
                0.0003848997876048088,
                0.0010648001916706562,
                0.0002957000397145748,
                0.0001400001347064972,
                5.300017073750496e-05,
                4.569999873638153e-05,
                0.00021999981254339218,
                4.869978874921799e-05,
                0.0002633999101817608,
                0.00039350008592009544,
                2.7399975806474686e-05
            ]
        },
        "15": {
            "mean": 0.0007811199873685836,
            "stdev": 0.0005604978149084502,
            "raw_times": [
                0.0006626001559197903,
                0.0004313001409173012,
                0.0005589998327195644,
                0.0011463998816907406,
                0.0012980001047253609,
                4.479987546801567e-05,
                0.000678500160574913,
                0.0020236000418663025,
                0.0004912996664643288,
                0.0004377998411655426,
                0.001549100037664175,
                0.00020719971507787704,
                0.00028560031205415726,
                0.0005692001432180405,
                0.0013323999010026455
            ]
        },
        "20": {
            "mean": 0.0004083933619161447,
            "stdev": 0.0005177480354140885,
            "raw_times": [
                0.0002125999890267849,
                0.0012928000651299953,
                0.0006379000842571259,
                0.00015360023826360703,
                0.0018666000105440617,
                0.0005946001037955284,
                0.00018490012735128403,
                0.00022220006212592125,
                0.00010540010407567024,
                0.00014570029452443123,
                0.0003080996684730053,
                0.00021289987489581108,
                4.2499974370002747e-05,
                4.810001701116562e-05,
                9.799981489777565e-05
            ]
        }
    },
    "ortools_times": {},
    "planar_cut_times": {
        "5": {
            "mean": 0.0002880199812352657,
            "stdev": 9.763301659471936e-05,
            "raw_times": [
                0.0006315000355243683,
                0.00028110016137361526,
                0.0002963002771139145,
                0.00027379998937249184,
                0.00026899995282292366,
                0.00025589996948838234,
                0.0002561998553574085,
                0.0002561998553574085,
                0.0002687000669538975,
                0.00029949983581900597,
                0.0002389000728726387,
                0.0002468000166118145,
                0.00023319991305470467,
                0.0002238997258245945,
                0.00028929999098181725
            ]
        },
        "10": {
            "mean": 0.0005486333121856054,
            "stdev": 9.149742443633027e-05,
            "raw_times": [
                0.0006952998228371143,
                0.000465999823063612,
                0.0004932000301778316,
                0.0007299003191292286,
                0.0004835999570786953,
                0.0005302997305989265,
                0.0005705999210476875,
                0.0005892002955079079,
                0.0006385999731719494,
                0.0005427999421954155,
                0.0005490998737514019,
                0.0005981000140309334,
                0.00042370008304715157,
                0.00041380012407898903,
                0.000505299773067236
            ]
        },
        "15": {
            "mean": 0.0009349667467176914,
            "stdev": 0.000239123138641636,
            "raw_times": [
                0.001384800300002098,
                0.0011169998906552792,
                0.0008248998783528805,
                0.0008874000050127506,
                0.0008616000413894653,
                0.0006915000267326832,
                0.0010861000046133995,
                0.0006758002564311028,
                0.0005952003411948681,
                0.0009816000238060951,
                0.0009233001619577408,
                0.000918099656701088,
                0.001348900143057108,
                0.0010839002206921577,
                0.0006444002501666546
            ]
        },
        "20": {
            "mean": 0.0012034066331883273,
            "stdev": 0.0004302655060709708,
            "raw_times": [
                0.0015893997624516487,
                0.0011271997354924679,
                0.0012619998306035995,
                0.0007059001363813877,
                0.000714300200343132,
                0.0009707999415695667,
                0.001300400123000145,
                0.0023230998776853085,
                0.001033499836921692,
                0.0017055999487638474,
                0.0007270998321473598,
                0.0010353000834584236,
                0.0011984999291598797,
                0.0013937000185251236,
                0.0009643002413213253
            ]
        }
    },
    "brute_no_numpy_times": {
        "5": {
            "mean": 2.3580032090346017e-05,
            "stdev": 1.135533545882936e-05,
            "raw_times": [
                3.190012648701668e-05,
                1.550000160932541e-05,
                2.329982817173004e-05,
                1.0400079190731049e-05,
                1.3899989426136017e-05,
                1.019984483718872e-05,
                3.4700147807598114e-05,
                3.490038216114044e-05,
                2.6499852538108826e-05,
                2.5099609047174454e-05,
                2.9600225389003754e-05,
                1.5900004655122757e-05,
                3.6300159990787506e-05,
                4.00003045797348e-06,
                4.150019958615303e-05
            ]
        },
        "10": {
            "mean": 6.944003204504649e-05,
            "stdev": 7.045280899619704e-05,
            "raw_times": [
                0.00018860027194023132,
                1.0400079190731049e-05,
                0.00015660002827644348,
                0.00010380009189248085,
                6.880005821585655e-05,
                0.00022649997845292091,
                3.989972174167633e-05,
                3.040023148059845e-05,
                6.500165909528732e-06,
                1.0499730706214905e-05,
                4.759989678859711e-05,
                9.899958968162537e-06,
                5.390029400587082e-05,
                8.270004764199257e-05,
                5.499925464391708e-06
            ]
        },
        "15": {
            "mean": 0.0002376666913429896,
            "stdev": 0.00016239650991228547,