{
    "brute_times": {
        "5": {
            "mean": 0.00023059999026979008,
            "stdev": 0.00020465208168245165,
            "raw_times": [
                0.00045089999912306666,
                4.639997496269643e-05,
                0.00019449999672360718
            ]
        },
        "10": {
            "mean": 0.00017223333513053754,
            "stdev": 0.00014168565174544286,
            "raw_times": [
                0.00014459999511018395,
                0.0003257000062149018,
                4.640000406652689e-05
            ]
        },
        "15": {
            "mean": 0.0005162000209869196,
            "stdev": 7.39758746474094e-05,
            "raw_times": [
                0.0005573000235017389,
                0.00043080002069473267,
                0.0005605000187642872
            ]
        }
    },
    "ortools_times": {},
    "planar_cut_times": {},
    "brute_no_numpy_times": {}
}