{
    "brute_times": {
        "5": 0.00016933331886927286,
        "10": 0.000856493351360162,
        "15": 0.0001338600181043148,
        "20": 0.0030589666528006393
    },
    "ortools_times": {
        "5": 0.03932685333614548,
        "10": 0.4242858533126613,
        "15": 0.42444734666496514,
        "20": 1.2351520066770414
    },
    "planar_cut_times": {
        "5": 0.00036429334431886673,
        "10": 0.0006073666426042716,
        "15": 0.0018459066438178222,
        "20": 0.0010524866792062917
    },
    "brute_no_numpy_times": {
        "5": 1.826665053764979e-05,
        "10": 0.00014948667958378792,
        "15": 3.0313308040301006e-05,
        "20": 0.0008566599960128466
    }
}