{
    "brute_times": {
        "5": {
            "mean": 0.00015937335168321928,
            "stdev": 9.351192604549348e-05,
            "raw_times": [
                0.00025720009580254555,
                8.910009637475014e-05,
                6.989995017647743e-05,
                6.340024992823601e-05,
                8.750008419156075e-05,
                6.429990753531456e-05,
                0.00017979973927140236,
                0.0002715000882744789,
                0.00019280007109045982,
                0.00019860034808516502,
                0.0002109999768435955,
                9.109964594244957e-05,
                0.0002733999863266945,
                2.859998494386673e-05,
                0.00031240005046129227
            ]
        },
        "10": {
            "mean": 0.00031316662207245825,
            "stdev": 0.0003243166672900433,
            "raw_times": [
                0.0007910998538136482,
                3.9099715650081635e-05,
                0.0005576000548899174,
                0.0006539998576045036,
                0.0002864999696612358,
                0.0010991999879479408,
                0.00017879996448755264,
                0.00013720011338591576,
                2.679973840713501e-05,
                4.429975524544716e-05,
                0.00021090032532811165,
                4.110019654035568e-05,
                0.00023350026458501816,
                0.000363299623131752,
                3.409991040825844e-05
            ]
        },
        "15": {
            "mean": 0.0006985466616849105,
            "stdev": 0.0004953453620921848,
            "raw_times": [
                0.0006742002442479134,
                0.00040289992466568947,
                0.0004631001502275467,
                0.0008819000795483589,
                0.0011795000173151493,
                2.7499627321958542e-05,
                0.0006073000840842724,
                0.0018094000406563282,
                0.00042740022763609886,
                0.0004135998897254467,
                0.001379299908876419,
                0.0001829001121222973,
                0.00026009976863861084,
                0.0005773999728262424,
                0.0011916998773813248
            ]
        },
        "20": {
            "mean": 0.0003753133428593477,
            "stdev": 0.00046562269759415996,
            "raw_times": [
                0.00021360022947192192,
                0.0013231001794338226,
                0.0006416002288460732,
                0.00014939997345209122,
                0.0015475996769964695,
                0.0005675996653735638,
                0.00015869969502091408,
                0.00014879973605275154,
                9.860005229711533e-05,
                0.0001337002031505108,
                0.00028720032423734665,
                0.00017300015315413475,
                4.260009154677391e-05,
                4.770001396536827e-05,
                9.649991989135742e-05
            ]
        }
    },
    "ortools_times": {},
    "planar_cut_times": {
        "5": {
            "mean": 0.00029899999499320983,
            "stdev": 8.432669534105381e-05,
            "raw_times": [
                0.0005850996822118759,
                0.0002759997732937336,
                0.0003118002787232399,
                0.00023610005155205727,
                0.00027980003505945206,
                0.00027529988437891006,
                0.0002759997732937336,
                0.0002818000502884388,
                0.0002681002952158451,
                0.00034399982541799545,
                0.0002827998250722885,
                0.0002578999847173691,
                0.00024610012769699097,
                0.0002434002235531807,
                0.0003208001144230366
            ]
        },
        "10": {
            "mean": 0.0005055333798130354,
            "stdev": 8.285102959747105e-05,
            "raw_times": [
                0.0005828998982906342,
                0.0003844001330435276,
                0.00042580021545290947,
                0.0006591998971998692,
                0.000494800042361021,
                0.000517700333148241,
                0.0006081997416913509,
                0.000571100041270256,
                0.00045779999345541,
                0.0005080001428723335,
                0.0005129999481141567,
                0.0005622999742627144,
                0.0003941003233194351,
                0.00039430009201169014,
                0.0005093999207019806
            ]
        },
        "15": {
            "mean": 0.0008347066429754098,
            "stdev": 0.00023462882556873346,
            "raw_times": [
                0.0011518001556396484,
                0.0010366002097725868,
                0.0005399999208748341,
                0.0009821001440286636,
                0.0007736999541521072,
                0.0005454998463392258,
                0.0008195000700652599,
                0.0005823997780680656,
                0.0005214996635913849,
                0.0009866999462246895,
                0.0008394001051783562,
                0.0008089002221822739,
                0.0012155999429523945,
                0.0010836999863386154,
                0.0006331996992230415
            ]
        },
        "20": {
            "mean": 0.0010824200076361497,
            "stdev": 0.0002930703290646001,
            "raw_times": [
                0.0015199999324977398,
                0.000990500207990408,
                0.00132020004093647,
                0.000721300020813942,
                0.0006880997680127621,
                0.0009012999944388866,
                0.0011995001696050167,
                0.001332700252532959,
                0.0007938998751342297,
                0.001320399809628725,
                0.000736599788069725,
                0.0009506000205874443,
                0.001344300340861082,
                0.0015031998045742512,
                0.0009137000888586044
            ]
        }
    },
    "brute_no_numpy_times": {
        "5": {
            "mean": 2.6566597322622936e-05,
            "stdev": 1.4329636382296941e-05,
            "raw_times": [
                3.589969128370285e-05,
                4.0899962186813354e-05,
                1.0699965059757233e-05,
                1.0099727660417557e-05,
                1.3899989426136017e-05,
                1.0500196367502213e-05,
                2.7399975806474686e-05,
                4.100007936358452e-05,
                2.8099864721298218e-05,
                3.8700178265571594e-05,
                3.7999823689460754e-05,
                1.4400109648704529e-05,
                3.979960456490517e-05,
                4.299916326999664e-06,
                4.479987546801567e-05
            ]
        },
        "10": {
            "mean": 6.723996872703235e-05,
            "stdev": 6.90693346943695e-05,
            "raw_times": [
                0.00015959981828927994,
                8.499715477228165e-06,
                0.00011970009654760361,
                0.00014190003275871277,
                6.109988316893578e-05,
                0.0002393997274339199,
                3.990018740296364e-05,
                3.08002345263958e-05,
                9.000301361083984e-06,
                9.499955922365189e-06,
                4.469975829124451e-05,
                8.999835699796677e-06,
                5.170004442334175e-05,
                7.779989391565323e-05,
                6.00004568696022e-06
            ]
        },
        "15": {
            "mean": 0.00020311341310540835,
            "stdev": 0.00014341778536168583,